,job_id,job_title,location,experience,education,job_type,job_description,job_link
0,ca54ee888300105e,QA Engineer,"Dallas, TX",MID_LEVEL,MASTERS_DEGREE,CONTRACT,"Performance Test Engineer - job post Diverse Team Dallas, TX $78,220 - $90,000 a year -  Full-time, Contract Apply now Apply now save-icon Job details Salary $78,220 - $90,000 a year Job Type Full-time Contract Position : Performance Test Engineer Location : Charlotte NC/Dallas TX Duration : Full Time Skill Set: Hand-on Exp with tools like LoadRunner, JMeter Dynatrace and Splunk Key Responsibilities & Duties Lead/ Plan, Deliver Enterprise Application Performance Test Services across all releases as requested with quality and commitment to our customers in technical oversight lead role working with delivery team; requires hands on support as resumption from off shore as needed. Provide technical assistance, consulting and support to application development teams as well as internal team members related to application performance test and performance engineering best practices Support as hands on JMeter validation to support; collaborate and provide insights/best practices as Center of Excellence; Support conversion to JMeter /Blazemeter from current tools working with small team; implement JMeter/Blazemeter as CICD automated pipeline with Dynatrace Keptn Quality Gates as part of shift left initiative to support Agile Transformation Oversee, with accountability and other partners to continuously innovate and improve processes, tools for value add to our customers and production stability Identify opportunities in the development process and work collaboratively to initiate change as part of continuous improvement partnering with other SME teams Work collaboratively and independently on unique or special assignments which may require specialized knowledge and/or experience. Proactively contribute and collaborate with product/Application Release Teams, our teams, and SMEs from various other disciplines within the organization. Develop metrics, dashboards that can be shared broadly related to application performance, dashboards Develop Test Plans, Executive Summary, Dashboards and other technical documentation Required- A minimum of 7- 9 years of demonstrated experience as hands on validating application enhancements as part of supporting Enterprise Releases before deployment to production; including all milestones: requirements, planning, status, execution, analysis , follow ups to remediate issues identified. A minimum of 5 years management or management oversight experience working with international teams related to application performance test and test engineering services and practices Demonstrated hands on working with automation tools, developer toolset, and Dev Ops technologies. Bachelor's degree in Information Systems, Computer Science, or other relevant areas of study. Strong knowledge of SDLC, Controls, Quality/Risk based frameworks, Agile SAFe frameworks. Working knowledge of System Reliability Engineering principles. Knowledge of programming languages: C, Java, SQL. Strong Performance Test & Engineering knowledge working with Java Applications, Cloud Technologies, AWS, OpenShift, APM Tools such as Dynatrace, Splunk, Automation Tools: Ability to work in fast paced dynamic environments with multiple demands. Preferred /Must Have- 7-9 years hands on demonstrated experience in application performance (script development, etc.) Experience with Financial Services industry external facing /Internal Applications and microservices Experience with JMeter/BlazeMeter/Performance Center Test Tools Experience with Dev Ops /CICD integration Hands on with APM Tools – Dynatrace, Splunk, etc. Agile SAFe, Waterfall methodologies and processes, JIRA, confluence Experience Testing /Planning Large Scale Strategic Conversions Experience with JAVA, cloud based solutions, microservices, (Kubernetes) Cloud/AWS/Containerization tools and processes Demonstrated analysis abilities related to application performance, NFRs, Types of validation testing and engineering skills Experience with code profiling, memory analysis, GC, SLI, SLOs Preferred /Desired- Must have working knowledge of Blazemeter Toolset & Performance Center Test Tools. Must have knowledge of Cloud & Related Technologies. Must have knowledge of AWS, containers Open Shift. Dev Ops/ CICD integration with Test Tools. Application Performance Testing: Financial Services business. Knowledge of SRE Practices: Knowledge of programming languages: C, Java, SQL. Experience in Code profiling techniques. Soft Skills Other Required Excellent communication skills - verbal /written; listening skills. Self-Starter, Enthusiastic, Collaboration /Team skills working with international teams. Leadership, Accountability; Ownership. Good to Have Python. SRE experience /certification. Six Sigma White Belt (continuous improvement). RPA, AI. Job Types: Full-time, Contract Pay: $78,219.88 - $90,000.00 per year Compensation package: Yearly pay Experience level: 5 years Schedule: 8 hour shift Ability to commute/relocate: Dallas, TX: Reliably commute or planning to relocate before starting work (Required) Work Location: In person If you require alternative methods of application or screening, you must approach the employer directly to request this as Indeed is not responsible for the employer's application process.",https://www.indeed.com/jobs?q=QA+Engineer&l=Dallas%2C+TX&sc=0kf%3Aattr%28EXSNN%7CFCGTU%7CHFDVW%7CQJZM9%7CUTPWG%252COR%29explvl%28MID_LEVEL%29jt%28contract%29%3B&vjk=ca54ee888300105e
1,bee084b04b45db84,QA Engineer,"Dallas, TX",MID_LEVEL,MASTERS_DEGREE,CONTRACT,"SDET - job post Ghritachi Inc Dallas, TX • Remote $45 - $50 an hour -  Contract Apply now Apply now save-icon Job details Salary $45 - $50 an hour Job Type Contract Hi, Please find the below Job Description. If interested, please share your updated resume along with below details. Job Title: SDET Developer Location: Dallas, TX (Initial Remote) Duration: Long Term Responsibilities: We are looking for a motivated and passionate SDET craftsperson to help us create, extend, and maintain the core of our connected car software platform as we expand past our current offerings in services related to safety, security and convenience in order to take our business to the next level. Duties and Responsibilities: Adhere to rules established to enforce test-driven/behavior-drive development, maintaining wiki pages, code style, and code group/peer review. Be a team player, someone who can communicate both orally and through our various written communication mechanisms. Be able to work under the supervision of a more senior engineer, completing tasks with the expected degree of quality in a timely fashion. Analyze requirements and technical specifications, and implement assigned development tasks using various web technologies. Develop, maintain, and debug cloud based micro-service APIs Maintain and extend existing on-premise software systems Be able to dig in and troubleshoot pre and post production issues. Minimum Qualifications: BA/BS or better in Computer Science, Information Systems, or other technically related field. 5+ years of experience in a development position Strong technical knowledge building mission critical/highly available service-oriented software Experience working with agile / scrum development methodologies. Experience with well documented, well tested software or other systems of considerable technical complexity. Experience with System Integration testing as well as Test Automation like Selenium. Requirements and General Skills: Works well with others and is a skilled communicator both written and oral; acts with professionalism both in person and when working on the phone with partners. Excellent time management skills, with the ability to prioritize and work under shifting deadlines with potentially ambiguous or nebulous requirements in a fast-paced environment. Excellent problem-solving skills. Experience working in an agile software development organization; Scrum and/or Kanban Follow and contribute coding standards, methodology and repeatable processes. Strong attention to detail and understanding of the latest technologies and patterns to provide in-depth technical perspective on front and backend technologies and their overall impact Ensure code and design quality through the execution of test plans. Experience working with third-party APIs. Technical Requirements. Willingness to learn new technologies - often very quickly. Ability to act a mentor and/or leader. Must have legal right to work in the U.S. Technical Skills: More than 3 years of experience implementing automation test framework for mobile apps / web portals / APIs / e-2-e / integration tests. < open source / Selenium frameworks >. Exposure to varying Automation frameworks. Direct experience working with CI/CD tools like Jenkins. Good Debugging skills for Automation scripts. Expertise in Web application(UI) & Webservice(API)testing experience with Selenium Web driver and Core Java. Experience with JavaScript/Node.js is a plus. Strong technical knowledge building mission critical/highly available services using current generation toolkits such as Node.JS. Fluency in Java 7, basic understanding of Java 8 Strong technical knowledge of IP, HTTP, JSON and XML. Strong understanding the principles of service-oriented software and large-scale distributed systems. Experience building distributed scalable test automation frameworks with open-source technologies Recent hands-on experience with Java, Node.js development, Serverless (AWS Lambda etc) is a plus. Good working knowledge of the AWS Cloud - Observability & Traceability Code craftsmanship; rigor in high code quality, automated testing (JUnit, Mockito, Cucumber), and agile engineering best practices Knowledge of modern software patterns and anti-patterns Preferred experience with Java development tooling: Maven and/or Gradle. Used continuous integration environments like Jenkins. Thanks & Regards, Sekhar Job Type: Contract Salary: $45.00 - $50.00 per hour Compensation package: 1099 contract Experience level: 7 years Schedule: 8 hour shift Experience: SDET: 7 years (Required) automation: 5 years (Required) Java: 5 years (Required) AWS: 5 years (Required) scratch: 3 years (Required) API: 3 years (Required) REST: 3 years (Required) Docker: 3 years (Required) Mockito: 3 years (Required) Work Location: Remote If you require alternative methods of application or screening, you must approach the employer directly to request this as Indeed is not responsible for the employer's application process.",https://www.indeed.com/jobs?q=QA+Engineer&l=Dallas%2C+TX&sc=0kf%3Aattr%28EXSNN%7CFCGTU%7CHFDVW%7CQJZM9%7CUTPWG%252COR%29explvl%28MID_LEVEL%29jt%28contract%29%3B&vjk=bee084b04b45db84
2,4990277cc8086f5a,QA Engineer,"Dallas, TX",MID_LEVEL,MASTERS_DEGREE,CONTRACT,"QA Automation Engineer - job post Sapear Inc Dallas, TX • Hybrid remote $50 - $55 an hour -  Full-time, Contract Responded to 51-74% of applications in the past 30 days, typically within 21 days. Apply now Apply now save-icon Job details Salary $50 - $55 an hour Job Type Full-time Contract Hi, Role: Automation Tester Location: Horsham, PA, Pittsburgh, PA ( onsite but flexible to give 1 MONTH remote or so) This is a Quality Assurance Role within Commercial Lending Organization. It is a hybrid position which provides flexibility to work both in the office and remotely and is based in either Horsham, PA, Pittsburgh. Other locations will be considered if the contractor is willing to travel. Certain job responsibilities may require time in the office on a regular basis. JOB DESCRIPTION Develops and maintains functional test cases, System & Integration Test cases and other test artifacts like test data, and automated scripts that are used throughout the QA cycle Responsible for writing and executing manual or automated test cases and audit scripts that validate the functionalities, code quality, and data. Starts writing test scripts on day one of the development cycle and reports test results and the end of each run to eliminate artificial wait states and helps in speed to market strategy Provides the necessary technical artifacts and assertive test exit criteria Isolates, replicates & reports defects, verifies defect fixes, strives to reduce internal defects Design, code and execute automated test scripts Works closely with development engineering to ensure the end to end validations Establishes and creates Test Plans for execution and reports status timely Facilitates QA Handoff meeting (knowledge transfer from DEV team to QA) Actively participate in General Intake calls to report on bug cards. This will include recognition of already existing bugs being reported. Due to the nature of the position, we are seeking out candidates who possess strong written and oral communication skills, as well as have the ability to work as part of a team as well as independently. Preferred candidates will have an analytical and detail-orientated mindset and can manage multiple and changing priorities at once. Candidates should have the ability to leverage various toolsets to test Web Services (API testing ex: SoapUI or Postman), as well as have testing experience for web applications including ability to write and execute test plans for web applications. Familiarity with Agile tools such as JIRA also preferred. WORK EXPERIENCE This role requires a university / college degree, with 5+ years of relevant / direct industry experience. Certifications are desired. In lieu of a degree, a comparable combination of education and experience (including military service) may be considered. COMPETENCIES Accuracy and Attention to Detail – Understanding of the necessity and value of accuracy and attention to detail; ability to process information with high levels of accuracy. Analytical Thinking – Knowledge of techniques and tools that promote effective analysis and the ability to determine the root cause of organizational problems and create alternative solutions that resolve the problems in the best interest of the business. Influencing – Knowledge of effective influencing tactics and strategies; ability to impact decisions within and outside own organization. Process Management – Knowledge of business process improvement tools and techniques and ability to understand, monitor, update, or enhance existing business or work processes. Products and Services – Knowledge of major products and services and product and service groups; ability to apply this knowledge appropriately to diverse situations.\ Software Development Life Cycle – Knowledge of and experience with using a structured methodology for delivering new or enhanced software products to the marketplace. Software Quality Assurance And Testing – Knowledge of and ability to apply appropriate processes, tools, and techniques for assuring a high level of quality in computer software products and systems. Technical Documentation Management – Knowledge of, and experience in management of the development, delivery and maintenance of technology product documentation and publications. Job Types: Full-time, Contract Salary: $50.00 - $55.00 per hour Schedule: Day shift Work Location: In person If you require alternative methods of application or screening, you must approach the employer directly to request this as Indeed is not responsible for the employer's application process.",https://www.indeed.com/jobs?q=QA+Engineer&l=Dallas%2C+TX&sc=0kf%3Aattr%28EXSNN%7CFCGTU%7CHFDVW%7CQJZM9%7CUTPWG%252COR%29explvl%28MID_LEVEL%29jt%28contract%29%3B&vjk=4990277cc8086f5a
3,708c493abe6221a6,QA Engineer,"Dallas, TX",MID_LEVEL,MASTERS_DEGREE,CONTRACT,"Engineer, Software Quality - 29828 - job post infinite Computing Systems 252 reviews 5717 Adair Ln, Plano, TX 75024 $50 - $55 an hour -  Contract Apply now Apply now save-icon Job details Salary $50 - $55 an hour Job Type Contract Required: Experience: 2-3 years of work related experience…knowledgeable of quality software engineering, non product software, ISO standard - 62304 & ISO Risk -14971 Key Skills: Medical device, mobile add development, familiar with diff languages, bug tracking tools is a plus Education: Bachelor’s degree in Software Engineering, computer science, or a related engineering field Interview Process: 1st Round interview by Video / Web Ex. Info will be found in Fieldglass. Job Type: Contract Salary: $50.00 - $55.00 per hour Schedule: 8 hour shift Education: Bachelor's (Required) Experience: quality software engineering: 2 years (Preferred) non product software: 2 years (Preferred) Medical device: 2 years (Preferred) mobile add development: 2 years (Preferred) Work Location: One location If you require alternative methods of application or screening, you must approach the employer directly to request this as Indeed is not responsible for the employer's application process.",https://www.indeed.com/jobs?q=QA+Engineer&l=Dallas%2C+TX&sc=0kf%3Aattr%28EXSNN%7CFCGTU%7CHFDVW%7CQJZM9%7CUTPWG%252COR%29explvl%28MID_LEVEL%29jt%28contract%29%3B&vjk=708c493abe6221a6
4,4100de8fc6ae25a4,QA Engineer,"Dallas, TX",MID_LEVEL,MASTERS_DEGREE,CONTRACT,"Network QA Engineer - job post GTA (Global Technology Associates) (part of Kelly) Plano, TX $49,317 a year -  Full-time, Contract Responded to 51-74% of applications in the past 30 days, typically within 12 days. Apply now Apply now save-icon Job details Salary $49,317 a year Job Type Full-time Contract Looking for Network QA Engineer - 4 5G System Test Engineer in Plano, TX What you will be doing as a Network QA Engineer - 4 5G System Test Engineer: Responsible for test execution in customer lab, report creation and customer presentation. Response for writing MOPs and validating procedures in lab. Analyzing the product and feature requirements, converting them into system test cases and execution to ensure product meets customer spec. Aid in product & feature performance analysis, evaluation of new product & SW releases Perform detailed analysis of 4G & 5G Wireless Protocols Responsible for analyzing and troubleshooting the issues Educate our customers on Client's new products and services both individually and in a team environment. Ensures that customer commitments are achieved according to plan. Works closely with various support organizations, logistics, and cross-functional teams from SEA and client HQ to achieve successful new product rollouts and developments. What you will bring to the table as a Network QA Engineer - 4 5G System Test Engineer: Experience on Virtualization and Kubernetes. Bachelor's Degree in EE/CS with 8+ years of directly related experience is required. Experience in bring up network element in lab and field Good understanding on 4G & 5G concepts such as DL/UL scheduling, LTE power control, beamforming fundamentals, MIMO, ENDC. Strong knowledge in 4G& 5G air interface and call processing technologies and network architecture specifically focused on Radio Access Network Good understanding of overall wireless systems with emphasis on PHY, MAC, RLC, RRC and PDCP layers Working experience in Lab testing and IOT testing is preferred, Understanding of IOT technologies including, S1 & X2 Interface Experience in EMS systems, managing network elements, software upgrades, MOP verification Experience with SW development is beneficial Understanding of 3GPP systems: Core and RAN networks, HW as well as SW architecture Experience with test tools including protocol analyzers, XCAL/QXDM, Wireshark, Channel Emulator, Spectrum Analyzers, Signal Generators, etc. What you didn't know about us: Competitive salary Health, Dental and Vision Benefits Short/Long Term Disability and Critical Care/Illness Protection Life Insurance and Retirement Plans Employee Assistance Program With this position, you will get the opportunity to work with our game changing clients and further advance your already valuable experience in the telecom industry! We are connectors . We thrive on 'quality over quantity' and put in the work building strong relationships. We create connections, discover qualities, uncover skills, and place people with accuracy. We are your true partners! We are collaborators . You'll be working with a wholly owned subsidiary of Kelly and part of the Kelly Telecom division. It allows us to be as nimble and fiercely competitive as a startup while having the backing of a multibillion dollar publicly traded company which has been in business for 75 years. With direct access to hiring managers, services don't stop at standard recruiting processes. We use our expertise to improve your application skills and provide ongoing career support. We give 24/7 support . We are in this together. We provide around the clock availability, competitive employee benefits, and continuously check-in to make sure things are going smoothly. Check out our Glassdoor page! Kelly Telecom is an equal opportunity employer and will consider all applications without regard to race, genetic information, sex, age, color, religion, national origin, veteran status, disability, or any other characteristic protected by law. For more information click Equal Employment Opportunity is the law. You should know: Your safety matters! Vaccination against COVID-19 may be a requirement for this job in compliance with current client and governmental policies. A recruiter will confirm and share more details with you during the interview process. #JobsAtKellyTelecom Job Types: Full-time, Contract Salary: $49,317.11 per year Work Location: In person If you require alternative methods of application or screening, you must approach the employer directly to request this as Indeed is not responsible for the employer's application process.",https://www.indeed.com/jobs?q=QA+Engineer&l=Dallas%2C+TX&sc=0kf%3Aattr%28EXSNN%7CFCGTU%7CHFDVW%7CQJZM9%7CUTPWG%252COR%29explvl%28MID_LEVEL%29jt%28contract%29%3B&vjk=4100de8fc6ae25a4
5,924d96981fe05bec,QA Engineer,"Dallas, TX",MID_LEVEL,MASTERS_DEGREE,CONTRACT,"Quality Engineer - job post BEPC Inc 35 reviews 6901 Preston Rd, Plano, TX 75024 $40 - $45 an hour -  Contract Apply now Apply now save-icon Job details Salary $40 - $45 an hour Job Type Contract BEPC has an open position for a Quality Engineer! Location: Plano, TX (100% onsite) Requisition ID: ABOJP00028018 Contract Length: 6 month contract with possibilities for extensions Benefits: Medical, Dental, Vision and Life Insurance Pay Rate: $40 – 45/hr. The purpose of this position is to initiate medical device quality assurance activities. These activities must be in accordance with FDA Quality System Regulation, ISO13485 and other international standards. This position will also support device complaint investigation and failure analysis as required. Essential Duties and Responsibilities: · Develop incoming inspection processes and document incoming inspection activities. · Provide in-process QA support to include inspection and document review. · Complete final acceptance activities. Manage the sterilization process, including validations and product sterile loads. · Track nonconforming material and lead Material Review Board (MRB) efforts. · Interface and take lead QA role in interactions with suppliers, contractors and consultants that supply components, subassemblies and contract processing. · Lead complaint investigations on returned product. · Manage corrective action and quality improvement activities. · Manage aspects of internal quality system relating to receiving inspection, calibration, MRB, etc. · Assist in the performance of quality system internal auditing. · Support quarterly management review meetings. · Establish, monitor and evaluate quality system metrics. Requirements: Experience: 3-5 yrs work related experience, UMDR, Med Device, Regulated Environment, FMEA/ FMCA Education: Bachelor’s degree Skill Sets: Organization, good communications skills, multi-task, self-sufficient, team player. Design and Develop Quality is a plus. Job Type: Contract Salary: $40.00 - $45.00 per hour Benefits: Dental insurance Health insurance Life insurance Vision insurance Schedule: 8 hour shift Work Location: One location Health insurance If you require alternative methods of application or screening, you must approach the employer directly to request this as Indeed is not responsible for the employer's application process.",https://www.indeed.com/jobs?q=QA+Engineer&l=Dallas%2C+TX&sc=0kf%3Aattr%28EXSNN%7CFCGTU%7CHFDVW%7CQJZM9%7CUTPWG%252COR%29explvl%28MID_LEVEL%29jt%28contract%29%3B&vjk=924d96981fe05bec
6,cfdd32c018018c2a,QA Engineer,"Dallas, TX",MID_LEVEL,MASTERS_DEGREE,CONTRACT,"Product Security Testing Software Engineer - job post COMTEC 26 reviews 6500 Alamo Ct, Plano, TX 75023 $80 - $85 an hour -  Contract Apply now Apply now save-icon Job details Salary $80 - $85 an hour Job Type Contract Job Title: CW Product Security Testing Software Engineer (1131609) Duration: 12 Months Plano, TX 75024 Description: Top three skills: Python Git or git hub Agile methodologies Other important notes: Candidate must have strong experience in software development Must have solid experience in software solution architecting/prototyping Must have strong experience in technical agility The job title is Product Security Testing Software Engineer, but the primary responsibility of the candidate is a software development (Programming). We are looking for someone who is a software engineer also, who knows security testing better Must have strong experience in security or Cyber security This is an on-site job and need local candidates only Requirements: Product Security Testing Software Engineer: Responsibilities: Lead and perform development of security test tooling that directly supports the team’s validation and verification efforts Maintain and support several existing projects, improving overall code quality Design and develop complex software infrastructure to support DevSecOps and automated regression analysis Engage with other stakeholders in code reviews and audits Research and stay up to date on new attack vectors, vulnerabilities, and exploitation techniques Lead and participate in small to large-scale individual and matrix-based groups, initiatives, or mentoring others in technical/functional security areas Lead and participate in technology security design reviews with the ability to efficiently communicate potential issues and risks Qualifications: Bachelor’s degree (or higher) in Electrical Engineering, Computer Engineering, Computer Science, Cybersecurity or related is strongly desired Proficient in Python, JavaScript, C and C++ development Experience with reverse engineering and binary analysis methods and tools (e.g., IDA Pro, Ghidra) Knowledge of compiler concepts, compilation lifecycle and intermediate products Knowledge and experience using static and dynamic binary analysis techniques Ability to handle tasks with significant complexity under minimal supervision requiring a high degree of technical competence Additional Valued Attributes: Experience with core security concepts, embedded security best practices (e.g., secure boot, secure debug, secure storage, secure communications) and the secure development lifecycle activities Experience working with React or Angular is a plus Experience performing code audit or review efforts Experience working or leading in Agile development workflow Experience in designing, developing, and debugging embedded security applications is a plus Familiarity with Automotive and Industry standards and best practices such at ISO-SAE 21434, SAE J3101 Experience in security research, vulnerability generation Knowledge or experience with binary symbolic analysis and fuzzing frameworks (e.g. angr, BAP, AFL) Experience with vulnerability analysis using CVSS scoring and CWE types Experience with vulnerability management process (from proof-of-concept to remediation) Job Type: Contract Pay: $80.00 - $85.00 per hour Schedule: Monday to Friday Ability to commute/relocate: Plano, TX 75023: Reliably commute or planning to relocate before starting work (Required) Experience: SQL: 5 years (Required) Python, JavaScript, C and C++ development: 5 years (Required) security or Cyber security: 5 years (Required) Architecting/prototyping: 5 years (Required) software development: 5 years (Required) Work Location: In person If you require alternative methods of application or screening, you must approach the employer directly to request this as Indeed is not responsible for the employer's application process.",https://www.indeed.com/jobs?q=QA+Engineer&l=Dallas%2C+TX&sc=0kf%3Aattr%28EXSNN%7CFCGTU%7CHFDVW%7CQJZM9%7CUTPWG%252COR%29explvl%28MID_LEVEL%29jt%28contract%29%3B&vjk=cfdd32c018018c2a
7,93d2779ae2a90c18,QA Engineer,"Dallas, TX",MID_LEVEL,MASTERS_DEGREE,CONTRACT,"Software Verification Engineer I - 29590 (On W2) - job post infinite Computing Systems 252 reviews 1 Armour Dr, Irving, TX 75038 $50 - $53 an hour -  Contract Apply now Apply now save-icon Job details Salary $50 - $53 an hour Job Type Contract Required: Software test engineer providing verification services Writing and debugging test cases Experience in life science field, FDA submissions. B.S. in Computer Science or similar engineering discipline including Software Engineering or Biomedical Engineering. On the job experience in Software Testing or Medical Device Testing or Life Sciences of > 4-6 years without a Bachelor’s Degree. 0-3 years’ experience covering the entire software lifecycle (requirements definition through verification) in a team environment. 0-3 years’ experience in a laboratory environment. Requires experience with Microsoft Windows applications. Experience with medical device / instrumentation software testing and simulator tools preferred. Preferred Experience with medical device / instrumentation testing and simulator tools preferred. Will consider Med Tech/ Medical Technician experience which includes testing software for medical devices/instrumentation. WHAT YOU’LL DO Primary function is to test software for blood screening system processing Immunoassays. Participates in a team-oriented environment to develop requirements and design for user interface, business rules, data management or embedded system control applications, in addition to ensuring requirements and design are tested. Responsibilities: Responsibilities include activities throughout the entire software development life cycle. Primary areas of responsibility include: Basic operation and repairs of system Software Integration and Testing. Understand FDA Regulations, quality documents and apply to software development. Review Software Requirements and provide input to ensure they are testable. Develop test plans, strategies, and use cases for features, requirements, or Problem Reports (PRS) based on practices and procedures. Develop informal and formal manual protocols and acceptance criteria for features, requirements or PRS according to practices and procedures. Run informal and formal protocols for software feature, requirement or PRS according to practices and procedures. Perform test case and test case run analysis to determine adequacy of testing, including coverage, boundary and regression analysis --Software Design Verification Testing. Develop feature test plans, strategies, and use cases for features, requirements, or PRS based on practices and procedures. Perform test case and test case run analysis to determine adequacy of test cases, including coverage, boundary and regression analysis --Provide support for fault isolation, troubleshooting, and root cause analysis activities during system integration and testing for systems in development and on-Market. --Configuration Management. This is an entry-level individual contributor position. Activities will be under the guidance of a more senior test engineer. Activities will be focused on obtaining broad system knowledge and a functional area of expertise. Accountable for meeting deliverable commitments including schedule and quality requirements. Must have skills to plan and schedule own work activities, coordinate activities with others software test engineers. EDUCATION AND EXPERIENCE YOU’LL BRING Required ·B.S. in Computer Science or similar engineering discipline including Software Engineering or Biomedical Engineering. ·On the job experience in Software Testing or Medical Device Testing or Life Sciences of > 4-6 years without a Bachelor’s Degree. ·0-3 years’ experience covering the entire software lifecycle (requirements definition through verification) in a team environment. ·0-3 years’ experience in a laboratory environment. ·Requires experience with Microsoft Windows applications. ·Experience with medical device / instrumentation software testing and simulator tools preferred. Preferred ·Experience with medical device / instrumentation testing and simulator tools preferred. Will consider Med Tech/ Medical Technician experience which includes testing software for medical devices/instrumentation. Job Type: Contract Salary: $50.00 - $53.00 per hour Schedule: Monday to Friday Education: Bachelor's (Required) Experience: Medical Technician: 2 years (Preferred) Microsoft Windows applications: 2 years (Preferred) Software Testing: 2 years (Preferred) Medical Device Testing: 2 years (Preferred) Work Location: One location If you require alternative methods of application or screening, you must approach the employer directly to request this as Indeed is not responsible for the employer's application process.",https://www.indeed.com/jobs?q=QA+Engineer&l=Dallas%2C+TX&sc=0kf%3Aattr%28EXSNN%7CFCGTU%7CHFDVW%7CQJZM9%7CUTPWG%252COR%29explvl%28MID_LEVEL%29jt%28contract%29%3B&vjk=93d2779ae2a90c18
8,d4a1bcfb3b0e3ca3,QA Engineer,"Dallas, TX",MID_LEVEL,MASTERS_DEGREE,CONTRACT,"CW Product Security Testing Software Engineer - job post Comtec IT Services Plano, TX $80 - $90 an hour -  Contract Apply now Apply now save-icon Job details Salary $80 - $90 an hour Job Type Contract Role : CW Product Security Testing Software Engineer (1131609) Location : Plano, TX 75024/Hybrid (Need locals) Duration : 12 months Top three skills: · Python · Git or git hub · Agile methodologies Other important notes: · Candidate must have strong experience in software development · Must have solid experience in software solution architecting/prototyping · Must have strong experience in technical agility · The job title is Product Security Testing Software Engineer, but the primary responsibility of the candidate is a software development (Programming). We are looking for someone who is a software engineer also, who knows security testing better · Must have strong experience in security or Cyber security · This is an on-site job and need local candidates only Responsibilities : · Lead and perform development of security test tooling that directly supports the team’s validation and verification efforts · Maintain and support several existing projects, improving overall code quality · Design and develop complex software infrastructure to support DevSecOps and automated regression analysis · Engage with other stakeholders in code reviews and audits · Research and stay up to date on new attack vectors, vulnerabilities, and exploitation techniques · Lead and participate in small to large-scale individual and matrix-based groups, initiatives, or mentoring others in technical/functional security areas · Lead and participate in technology security design reviews with the ability to efficiently communicate potential issues and risks Qualifications : · Bachelor’s degree (or higher) in Electrical Engineering, Computer Engineering, Computer Science, Cybersecurity or related is strongly desired · Proficient in Python, JavaScript, C and C++ development · Experience with reverse engineering and binary analysis methods and tools (e.g., IDA Pro, Ghidra) · Knowledge of compiler concepts, compilation lifecycle and intermediate products · Knowledge and experience using static and dynamic binary analysis techniques · Ability to handle tasks with significant complexity under minimal supervision requiring a high degree of technical competence Additional Valued Attributes: · Experience with core security concepts, embedded security best practices (e.g., secure boot, secure debug, secure storage, secure communications) and the secure development lifecycle activities · Experience working with React or Angular is a plus · Experience performing code audit or review efforts · Experience working or leading in Agile development workflow · Experience in designing, developing, and debugging embedded security applications is a plus · Familiarity with Automotive and Industry standards and best practices such at ISO-SAE 21434, SAE J3101 · Experience in security research, vulnerability generation · Knowledge or experience with binary symbolic analysis and fuzzing frameworks (e.g. angr, BAP, AFL) · Experience with vulnerability analysis using CVSS scoring and CWE types · Experience with vulnerability management process (from proof-of-concept to remediation) Job Type: Contract Salary: $80.00 - $90.00 per hour Schedule: Monday to Friday Weekend availability Application Question(s): Are you willing to work under w2? Education: Bachelor's (Preferred) Experience: Python: 5 years (Required) JavaScript: 1 year (Required) Work Location: On the road If you require alternative methods of application or screening, you must approach the employer directly to request this as Indeed is not responsible for the employer's application process.",https://www.indeed.com/jobs?q=QA+Engineer&l=Dallas%2C+TX&sc=0kf%3Aattr%28EXSNN%7CFCGTU%7CHFDVW%7CQJZM9%7CUTPWG%252COR%29explvl%28MID_LEVEL%29jt%28contract%29%3B&vjk=d4a1bcfb3b0e3ca3
9,969f052878b3a77b,QA Engineer,"Dallas, TX",MID_LEVEL,MASTERS_DEGREE,CONTRACT,"Test Automation Engineer Mid - job post OscarMike Irving, TX 75063 Contract Apply now Apply now save-icon Job details Job Type Contract Test Automation Engineer Mid ﻿ W2 Contract Only / 1099 Contract Only Not offering VISA sponsorship. Our client is hiring a QA member to manually test and also to automate a mobile (Android and iOS) and/or web application(s) heavily using APIs to function. The candidate is expected to do a good amount of App and/or Web automation. Requirements: KEY RESPONSIBILITIES AND DUTIES Actively test a mobile app on iOS and Android (or web app) and do API testing. Design test cases, test plan, test data setup, database querying, and perform regression testing. Mobile/Web automation. “MUST HAVE” SPECIFIC KNOWLEDGE AND SKILLS ﻿ 2+ years of recent QA automation experience with both Selenium and Appium. 6+ years of overall QA testing experience. 2-3 years of hands-on experience with supporting software project testing: following test strategy and test plans, designing and executing functional/regression tests, preparing test data, bug tracking, and reporting. Exposure to and basic understanding of APIs and API testing. Exceptional SQL and database querying skills. Excellent at being organized with things related to work. Strong sense of ownership, a bias for action, and an It Can Be Done attitude. ADDITIONAL SKILLS AND OTHER REQUIREMENTS ﻿ Good Communication Skills. API Automation experience using Postman. End-to-end and backend testing experience. Bachelor’s degree in Computer Science, Computer Engineering or a related field. EDUCATION AND EXPERIENCE EDUCATION: Bachelors/4 Yr Degree YEARS OF RELEVANT WORK EXPERIENCE: 6+Years If you require alternative methods of application or screening, you must approach the employer directly to request this as Indeed is not responsible for the employer's application process.",https://www.indeed.com/jobs?q=QA+Engineer&l=Dallas%2C+TX&sc=0kf%3Aattr%28EXSNN%7CFCGTU%7CHFDVW%7CQJZM9%7CUTPWG%252COR%29explvl%28MID_LEVEL%29jt%28contract%29%3B&vjk=969f052878b3a77b
10,e65faab689f8236d,QA Engineer,"Dallas, TX",MID_LEVEL,MASTERS_DEGREE,CONTRACT,"Quality Engineer - job post Katalyst Healthcares & Life Sciences Plano, TX 75023 Contract Apply now Apply now save-icon Job details Job Type Contract Looking For 3 years of Exp on EUMDR, working on requirements and filling those gaps. EUMDR experience is needed; Do gap assessment on roughly 1100 risk management files they have; Remediation on risk files and keep them updated (candidate will go through 1100 risk files line by line and work on those risk management projects and update those files in new templates). Risk Management experience is needed Someone with design quality or development quality experience is a plus (operational, manufacturing background). Medical device experience is highly preferable. Neuromodulation division, make implantable pain management devices(devices related to brain simulation, back pain etc). Education And Experience Bachelors/Masters (Engineering degree) with at least 2 years of experience in Risk management and EUMDR. Interview Process Phone screening followed by video interview. If you require alternative methods of application or screening, you must approach the employer directly to request this as Indeed is not responsible for the employer's application process.",https://www.indeed.com/jobs?q=QA+Engineer&l=Dallas%2C+TX&sc=0kf%3Aattr%28EXSNN%7CFCGTU%7CHFDVW%7CQJZM9%7CUTPWG%252COR%29explvl%28MID_LEVEL%29jt%28contract%29%3B&vjk=e65faab689f8236d
11,59afdcbe619ff602,QA Engineer,"Dallas, TX",MID_LEVEL,MASTERS_DEGREE,CONTRACT,"Quality Engineer - job post AR Val services Allen, TX $50 an hour -  Contract Responded to 51-74% of applications in the past 30 days, typically within 11 days. Apply now Apply now save-icon Job details Salary $50 an hour Job Type Contract Job Description: Supporting Product Development and Manufacturing Scope of Job The Quality Engineer will actively support new product development as well as front end manufacturing technology and inspection technology feasibility studies. As part of this, this individual will work on small cross functional teams and lead/facilitate planning, conducting, and directing engineering projects or studies, including complete projects requiring knowledge of a specialized field. They apply knowledge of engineering principles and practices within assignment areas. The Quality Engineer will utilize Quality Engineering tools and practices for the effective and efficient development of products/processes throughout the product lifecycle. The incumbent will also utilize Quality Engineering principles and problem-solving skills to improve and maintain products/processes that are aligned with the overall Quality and Business vision. He/she will utilize appropriate risk management to prevent unanticipated failure modes and improve capability of processes. This person will support processes in early phases of development. Apply advanced Quality Engineering/Scientific Method techniques and principles to daily tasks and activities. In addition, applies relevant regulations, standards, GxP requirements, and industry best practices to assignments. Qualification / Must Haves: 5 + yrs. of experience in Med Device (Ortho preferred) environment as a Quality Engineering and/or Validation role preferred in medical device company with active class III devices Proficient at reading & interpreting technical drawings, CMM & dimensional inspection reports per ASME Y14.5M (GD&T) Experience with dimensional data analysis utilizing software such as Excel and MiniTab Provide statistical support, expertise and analytical problem solving for product development and manufacturing. Ability to drive the development of product requirements, verification strategies, and validation strategies. Proven experience in the practical application of statistical methods, data analysis, and reliability engineering Proficient with the following software MS Office (Excel, PowerPoint, Project) MiniTab Statistical Analysis software QA Compliance Function as the QA representative to comply with all JNJ NPD compliance standards Perform product and process internal audits and preparation for external audits as required Ensure that project team are aware of and comply with relevant standards and processes New product/process launch and/or transfer validation experience From feasibility through full validation and commercial launch Medical Experience with completing validations (IQ, OQ, PQ's, PVE, etc.) Previously written, reviewed, and approved validation protocols and reports Experience with quality items, procedures and documents: Non-conformances CAPA PFMEA/DFMEA's Gage R&R's TMV's Manufacturing Control Plans Standard Operating Procedures (SOPs) A thorough understanding of GMP/ISO regulations (ie: ISO 13485, ISO14971) and validation regulations Experience with the use of root cause analysis and problem-solving tools such as A3 process, 5-whys, etc. The ability to perform ""hands on "" troubleshooting and problem solving. The ability to think on the feet and providing sound judgment. The ability to collaborate with all levels of management in a cross-functional team environment. Proven project management and project leadership abilities are required in addition to strong communication and interpersonal skills. Qualification / Nice to Haves: Experience with BOM's, Routes and ERP System Setup Experience in leading Process/product validation projects Creating and expediting trial and validation orders through production process Working knowledge of Windchill, SAP, EtQ, MES Yellow, Green or Black Belt Six Sigma Ability to perform measurements utilizing CMM and hand tools (calipers, height gauges, dyer gauges, etc.) CMM programing experience Worked in a Casting or Forging Foundry Related work experiences in any of the following areas Injection Mold or Tools (designing, building, measuring, validating) Investment, Sand, Die Casting or Foam Castings Wax or Plastic Injection Molding CNC Machining (of Castings a bonus) Experience with the CNC Machining of Investment, Sand or Die Castings Forgings Wrought/Bar Stock or Plastics Understanding of Lean Manufacturing Experience with additive manufacturing (3D Printing) Experience with Clean Line, Sterilization and Biocompatibility validations Comply with U.S. Food and Drug Administration (FDA) regulations, other regulatory requirements Working knowledge and experience with FDA 21 CFR Part 820 Previous hands-on experience with working alongside trained technicians and operators Participate and lead project team meetings to ensure actions and timelines were being met Education Minimum of B.S. In Engineering Job Type: Contract Pay: $50.00 per hour Schedule: 8 hour shift Ability to commute/relocate: Allen, TX: Reliably commute or planning to relocate before starting work (Required) Experience: Quality Engineer & Validation: 5 years (Required) Work Location: One location If you require alternative methods of application or screening, you must approach the employer directly to request this as Indeed is not responsible for the employer's application process.",https://www.indeed.com/jobs?q=QA+Engineer&l=Dallas%2C+TX&sc=0kf%3Aattr%28EXSNN%7CFCGTU%7CHFDVW%7CQJZM9%7CUTPWG%252COR%29explvl%28MID_LEVEL%29jt%28contract%29%3B&vjk=59afdcbe619ff602
